[{"model": "user.user", "pk": "00000", "fields": {"password": "pbkdf2_sha256$390000$rkcXIEFBNUhwLbLvup5UaJ$Ea4zqDUwIiumXfvT24HAv0YDMVEYVpwhx1gx3q2tsp0=", "last_login": "2022-10-21T21:28:11.603Z", "is_superuser": true, "first_name": "", "last_name": "", "email": "", "is_staff": true, "is_active": true, "date_joined": "2022-10-12T14:21:53Z", "name": "SomeName", "picture": "https://i.ibb.co/p12KWjG/alexander-hipp.png", "latitude": null, "longitude": null, "updated_at": "2022-10-19T13:50:55.920Z", "groups": [], "user_permissions": []}}, {"model": "user.user", "pk": "12345", "fields": {"password": "pbkdf2_sha256$390000$cLP1XKfiCm1u4nP4QYTz8W$rtyI3wIWpDWqcuQGGburhEpnX1ogZTaLlj5opi4w19Q=", "last_login": null, "is_superuser": false, "first_name": "", "last_name": "", "email": "", "is_staff": false, "is_active": true, "date_joined": "2022-10-12T14:22:33Z", "name": "Pharmacy Name", "picture": null, "latitude": null, "longitude": null, "updated_at": "2022-10-12T14:22:44.350Z", "groups": [], "user_permissions": []}}, {"model": "orderapp.order", "pk": 1, "fields": {"user": "00000", "status": "PE", "description": "asdf", "created_at": "2022-10-18T12:51:03.991Z", "updated_at": "2022-10-18T12:51:03.991Z"}}, {"model": "orderapp.order", "pk": 2, "fields": {"user": "00000", "status": "PE", "description": "asdf", "created_at": "2022-10-18T12:51:47.258Z", "updated_at": "2022-10-19T16:02:32.321Z"}}, {"model": "orderapp.order", "pk": 3, "fields": {"user": "00000", "status": "PE", "description": "asdf", "created_at": "2022-10-18T12:52:19.061Z", "updated_at": "2022-10-18T12:52:19.061Z"}}, {"model": "orderapp.order", "pk": 4, "fields": {"user": "00000", "status": "PE", "description": "asdf", "created_at": "2022-10-18T12:52:34.412Z", "updated_at": "2022-10-18T12:52:34.412Z"}}, {"model": "orderapp.order", "pk": 5, "fields": {"user": "00000", "status": "PE", "description": "asdf", "created_at": "2022-10-18T12:57:45.575Z", "updated_at": "2022-10-18T12:57:45.575Z"}}, {"model": "orderapp.order", "pk": 6, "fields": {"user": "00000", "status": "PE", "description": "asdf", "created_at": "2022-10-18T12:59:26.469Z", "updated_at": "2022-10-18T12:59:26.469Z"}}, {"model": "orderapp.order", "pk": 7, "fields": {"user": "00000", "status": "PE", "description": "blank", "created_at": "2022-10-18T13:25:26.107Z", "updated_at": "2022-10-18T13:25:26.107Z"}}, {"model": "orderapp.order", "pk": 8, "fields": {"user": "00000", "status": "CA", "description": "blank", "created_at": "2022-10-18T14:16:05.714Z", "updated_at": "2022-10-19T11:52:31.576Z"}}, {"model": "orderapp.order", "pk": 9, "fields": {"user": "00000", "status": "PE", "description": "blank", "created_at": "2022-10-18T14:18:36.196Z", "updated_at": "2022-10-18T14:18:36.196Z"}}, {"model": "orderapp.order", "pk": 10, "fields": {"user": "00000", "status": "PE", "description": "blank", "created_at": "2022-10-18T14:19:03.809Z", "updated_at": "2022-10-18T14:19:03.809Z"}}, {"model": "orderapp.order", "pk": 11, "fields": {"user": "00000", "status": "PE", "description": "blank", "created_at": "2022-10-18T14:20:13.727Z", "updated_at": "2022-10-18T14:20:13.727Z"}}, {"model": "orderapp.order", "pk": 12, "fields": {"user": "00000", "status": "CO", "description": "blank", "created_at": "2022-10-18T14:20:28.811Z", "updated_at": "2022-10-19T11:50:04.959Z"}}, {"model": "orderapp.order", "pk": 13, "fields": {"user": "00000", "status": "PE", "description": "blank", "created_at": "2022-10-18T14:21:19.958Z", "updated_at": "2022-10-18T14:21:19.958Z"}}, {"model": "orderapp.order", "pk": 14, "fields": {"user": "00000", "status": "PE", "description": "blank", "created_at": "2022-10-18T14:21:47.710Z", "updated_at": "2022-10-18T14:21:47.710Z"}}, {"model": "orderapp.order", "pk": 15, "fields": {"user": "00000", "status": "PE", "description": "blank", "created_at": "2022-10-18T14:22:11.695Z", "updated_at": "2022-10-18T14:22:11.695Z"}}, {"model": "orderapp.order", "pk": 16, "fields": {"user": "00000", "status": "PE", "description": "blank", "created_at": "2022-10-18T14:22:37.619Z", "updated_at": "2022-10-18T14:22:37.619Z"}}, {"model": "orderapp.order", "pk": 17, "fields": {"user": "00000", "status": "PE", "description": "blank", "created_at": "2022-10-18T14:23:21.783Z", "updated_at": "2022-10-18T14:23:21.783Z"}}, {"model": "orderapp.order", "pk": 18, "fields": {"user": "00000", "status": "PE", "description": "blank", "created_at": "2022-10-18T14:24:01.857Z", "updated_at": "2022-10-18T14:24:01.857Z"}}, {"model": "orderapp.order", "pk": 19, "fields": {"user": "00000", "status": "PE", "description": "blank", "created_at": "2022-10-18T14:25:01.440Z", "updated_at": "2022-10-18T14:25:01.440Z"}}, {"model": "orderapp.order", "pk": 20, "fields": {"user": "00000", "status": "PE", "description": "blank", "created_at": "2022-10-18T14:31:30.280Z", "updated_at": "2022-10-18T14:31:30.280Z"}}, {"model": "orderapp.order", "pk": 21, "fields": {"user": "00000", "status": "PE", "description": "blank", "created_at": "2022-10-19T13:09:42.756Z", "updated_at": "2022-10-19T13:09:42.756Z"}}, {"model": "orderapp.ordereddrug", "pk": 1, "fields": {"quantity": 2, "exp_date": "2022-11-09", "drug_price": "9.50", "created_at": "2022-10-18T12:52:34.444Z", "updated_at": "2022-10-18T12:52:34.444Z", "name": "Anything", "origindrug": 1, "order": 4}}, {"model": "orderapp.ordereddrug", "pk": 2, "fields": {"quantity": 2, "exp_date": "2022-11-09", "drug_price": "9.50", "created_at": "2022-10-18T12:57:45.591Z", "updated_at": "2022-10-18T12:57:45.591Z", "name": "Anything", "origindrug": 1, "order": 5}}, {"model": "orderapp.ordereddrug", "pk": 3, "fields": {"quantity": 3, "exp_date": "2022-11-25", "drug_price": "6.80", "created_at": "2022-10-18T12:57:45.601Z", "updated_at": "2022-10-18T12:57:45.601Z", "name": "Wowthissucks", "origindrug": 2, "order": 5}}, {"model": "orderapp.ordereddrug", "pk": 4, "fields": {"quantity": 2, "exp_date": "2022-11-09", "drug_price": "9.50", "created_at": "2022-10-18T12:59:26.484Z", "updated_at": "2022-10-18T12:59:26.484Z", "name": "Anything", "origindrug": 1, "order": 6}}, {"model": "orderapp.ordereddrug", "pk": 5, "fields": {"quantity": 3, "exp_date": "2022-11-25", "drug_price": "6.80", "created_at": "2022-10-18T12:59:26.496Z", "updated_at": "2022-10-18T12:59:26.496Z", "name": "Wowthissucks", "origindrug": 2, "order": 6}}, {"model": "orderapp.ordereddrug", "pk": 6, "fields": {"quantity": 3, "exp_date": "2022-12-14", "drug_price": "9.30", "created_at": "2022-10-18T13:25:26.127Z", "updated_at": "2022-10-18T13:25:26.127Z", "name": "Educational", "origindrug": 4, "order": 7}}, {"model": "orderapp.ordereddrug", "pk": 7, "fields": {"quantity": 5, "exp_date": "2022-11-25", "drug_price": "6.80", "created_at": "2022-10-18T13:25:26.140Z", "updated_at": "2022-10-18T13:25:26.141Z", "name": "Wowthissucks", "origindrug": 2, "order": 7}}, {"model": "orderapp.ordereddrug", "pk": 8, "fields": {"quantity": 3, "exp_date": "2022-12-14", "drug_price": "9.30", "created_at": "2022-10-18T14:16:05.742Z", "updated_at": "2022-10-18T14:16:05.742Z", "name": "Educational", "origindrug": 4, "order": 8}}, {"model": "orderapp.ordereddrug", "pk": 9, "fields": {"quantity": 2, "exp_date": "2022-12-14", "drug_price": "9.30", "created_at": "2022-10-18T14:18:36.221Z", "updated_at": "2022-10-18T14:18:36.221Z", "name": "Educational", "origindrug": 4, "order": 9}}, {"model": "orderapp.ordereddrug", "pk": 10, "fields": {"quantity": 2, "exp_date": "2022-12-14", "drug_price": "9.30", "created_at": "2022-10-18T14:19:03.821Z", "updated_at": "2022-10-18T14:19:03.821Z", "name": "Educational", "origindrug": 4, "order": 10}}, {"model": "orderapp.ordereddrug", "pk": 11, "fields": {"quantity": 3, "exp_date": "2022-12-14", "drug_price": "9.30", "created_at": "2022-10-18T14:20:13.741Z", "updated_at": "2022-10-18T14:20:13.741Z", "name": "Educational", "origindrug": 4, "order": 11}}, {"model": "orderapp.ordereddrug", "pk": 12, "fields": {"quantity": 3, "exp_date": "2022-12-14", "drug_price": "9.30", "created_at": "2022-10-18T14:20:28.821Z", "updated_at": "2022-10-18T14:20:28.821Z", "name": "Educational", "origindrug": 4, "order": 12}}, {"model": "orderapp.ordereddrug", "pk": 13, "fields": {"quantity": 2, "exp_date": "2022-12-14", "drug_price": "9.30", "created_at": "2022-10-18T14:21:19.969Z", "updated_at": "2022-10-18T14:21:19.969Z", "name": "Educational", "origindrug": 4, "order": 13}}, {"model": "orderapp.ordereddrug", "pk": 14, "fields": {"quantity": 3, "exp_date": "2022-12-14", "drug_price": "9.30", "created_at": "2022-10-18T14:21:47.722Z", "updated_at": "2022-10-18T14:21:47.722Z", "name": "Educational", "origindrug": 4, "order": 14}}, {"model": "orderapp.ordereddrug", "pk": 15, "fields": {"quantity": 4, "exp_date": "2022-11-25", "drug_price": "6.80", "created_at": "2022-10-18T14:22:11.707Z", "updated_at": "2022-10-18T14:22:11.707Z", "name": "Wowthissucks", "origindrug": 2, "order": 15}}, {"model": "orderapp.ordereddrug", "pk": 16, "fields": {"quantity": 4, "exp_date": "2022-11-09", "drug_price": "9.50", "created_at": "2022-10-18T14:22:37.630Z", "updated_at": "2022-10-18T14:22:37.630Z", "name": "Anything", "origindrug": 1, "order": 16}}, {"model": "orderapp.ordereddrug", "pk": 17, "fields": {"quantity": 8, "exp_date": "2022-12-14", "drug_price": "9.30", "created_at": "2022-10-18T14:23:21.794Z", "updated_at": "2022-10-18T14:23:21.794Z", "name": "Educational", "origindrug": 4, "order": 17}}, {"model": "orderapp.ordereddrug", "pk": 18, "fields": {"quantity": 4, "exp_date": "2022-12-14", "drug_price": "9.30", "created_at": "2022-10-18T14:24:01.868Z", "updated_at": "2022-10-18T14:24:01.868Z", "name": "Educational", "origindrug": 4, "order": 18}}, {"model": "orderapp.ordereddrug", "pk": 19, "fields": {"quantity": 4, "exp_date": "2022-12-14", "drug_price": "9.30", "created_at": "2022-10-18T14:25:01.454Z", "updated_at": "2022-10-18T14:25:01.454Z", "name": "Educational", "origindrug": 4, "order": 19}}, {"model": "orderapp.ordereddrug", "pk": 20, "fields": {"quantity": 33, "exp_date": "2022-12-14", "drug_price": "9.30", "created_at": "2022-10-18T14:31:30.306Z", "updated_at": "2022-10-18T14:31:30.306Z", "name": "Educational", "origindrug": 4, "order": 20}}, {"model": "orderapp.ordereddrug", "pk": 21, "fields": {"quantity": 33, "exp_date": "2022-10-28", "drug_price": "2.50", "created_at": "2022-10-18T14:31:30.332Z", "updated_at": "2022-10-18T14:31:30.332Z", "name": "ThisActuallySucsk", "origindrug": 3, "order": 20}}, {"model": "orderapp.ordereddrug", "pk": 22, "fields": {"quantity": 12, "exp_date": "2022-12-14", "drug_price": "9.30", "created_at": "2022-10-19T13:09:42.794Z", "updated_at": "2022-10-19T13:09:42.794Z", "name": "Educational", "origindrug": 4, "order": 21}}, {"model": "orderapp.ordereddrug", "pk": 25, "fields": {"quantity": 2, "exp_date": "2022-12-14", "drug_price": "9.30", "created_at": "2022-10-19T15:53:00.564Z", "updated_at": "2022-10-19T15:53:00.564Z", "name": "Educational", "origindrug": 4, "order": 1}}, {"model": "orderapp.ordereddrug", "pk": 27, "fields": {"quantity": 3, "exp_date": "2022-10-28", "drug_price": "2.50", "created_at": "2022-10-19T16:02:32.252Z", "updated_at": "2022-10-19T16:02:32.252Z", "name": "ThisActuallySucsk", "origindrug": 3, "order": 2}}, {"model": "orderapp.ordereddrug", "pk": 28, "fields": {"quantity": 4, "exp_date": "2022-11-25", "drug_price": "6.80", "created_at": "2022-10-19T16:02:32.276Z", "updated_at": "2022-10-19T16:02:32.276Z", "name": "Wowthissucks", "origindrug": 2, "order": 2}}, {"model": "orderapp.ordereddrug", "pk": 29, "fields": {"quantity": 6, "exp_date": "2022-11-09", "drug_price": "9.50", "created_at": "2022-10-19T16:02:32.300Z", "updated_at": "2022-10-19T16:02:32.300Z", "name": "Anything", "origindrug": 1, "order": 2}}, {"model": "drug_app.drug", "pk": 1, "fields": {"name": "Anything", "quantity": 76, "exp_date": "2022-11-09", "drug_price": "9.50", "created_at": "2022-10-12T14:23:06.959Z", "updated_at": "2022-10-19T16:02:32.310Z"}}, {"model": "drug_app.drug", "pk": 2, "fields": {"name": "Wowthissucks", "quantity": 26, "exp_date": "2022-11-25", "drug_price": "6.80", "created_at": "2022-10-12T14:23:27.235Z", "updated_at": "2022-10-19T16:02:32.286Z"}}, {"model": "drug_app.drug", "pk": 3, "fields": {"name": "ThisActuallySucsk", "quantity": 61, "exp_date": "2022-10-28", "drug_price": "2.50", "created_at": "2022-10-12T14:23:45.989Z", "updated_at": "2022-10-19T16:02:32.262Z"}}, {"model": "drug_app.drug", "pk": 4, "fields": {"name": "Educational", "quantity": 18, "exp_date": "2022-12-14", "drug_price": "9.30", "created_at": "2022-10-12T14:24:20.805Z", "updated_at": "2022-10-19T15:53:00.573Z"}}]